{
  "basic_metrics": {
    "vLLM": {
      "total_issues": 9631,
      "open_issues": "1831",
      "closed_issues": "7800",
      "closure_rate": 0.809884747170595,
      "unique_users": 5430,
      "avg_comments": 4.854220745509293,
      "avg_labels": 1.1937493510538886,
      "median_resolution_days": 38.374288194444446,
      "retention_rate": 0.43619561831585507,
      "avg_contributions_per_user": 1.7736648250460405,
      "has_labels_rate": 0.8350119406084519,
      "has_comments_rate": 0.9035406499844253
    },
    "SGLang": {
      "total_issues": 2567,
      "open_issues": "536",
      "closed_issues": "2031",
      "closure_rate": 0.7911959485781067,
      "unique_users": 1356,
      "avg_comments": 3.970003895597974,
      "avg_labels": 0.7093883911180366,
      "median_resolution_days": 21.51940972222222,
      "retention_rate": 0.47175691468640435,
      "avg_contributions_per_user": 1.8930678466076696,
      "has_labels_rate": 0.48500194779898714,
      "has_comments_rate": 0.8823529411764706
    },
    "llama.cpp": {
      "total_issues": 5470,
      "open_issues": "281",
      "closed_issues": "5189",
      "closure_rate": 0.9486288848263255,
      "unique_users": 3174,
      "avg_comments": 5.628884826325411,
      "avg_labels": 1.4546617915904936,
      "median_resolution_days": 44.18478009259259,
      "retention_rate": 0.41974405850091406,
      "avg_contributions_per_user": 1.7233774417139256,
      "has_labels_rate": 0.8517367458866545,
      "has_comments_rate": 0.936745886654479
    }
  },
  "community_health": {
    "retention_metrics": {
      "vLLM": {
        "retention_rate": 0.43619561831585507,
        "total_users": 5430,
        "avg_contributions": 1.7736648250460405
      },
      "SGLang": {
        "retention_rate": 0.47175691468640435,
        "total_users": 1356,
        "avg_contributions": 1.8930678466076696
      },
      "llama.cpp": {
        "retention_rate": 0.41974405850091406,
        "total_users": 3174,
        "avg_contributions": 1.7233774417139256
      }
    },
    "quality_metrics": {
      "vLLM": {
        "has_labels": 0.8350119406084519,
        "has_comments": 0.9035406499844253,
        "avg_body_length": 6355.750972353621,
        "quick_resolution": 0.3707692307692308
      },
      "SGLang": {
        "has_labels": 0.48500194779898714,
        "has_comments": 0.8823529411764706,
        "avg_body_length": 4700.927422518635,
        "quick_resolution": 0.4037419990152634
      },
      "llama.cpp": {
        "has_labels": 0.8517367458866545,
        "has_comments": 0.936745886654479,
        "avg_body_length": 4699.741224039699,
        "quick_resolution": 0.3904413181730584
      }
    },
    "growth_data": {
      "vLLM": {
        "growth_rate": 0.718905472636816,
        "recent_users": 460.6666666666667,
        "trend": "growing"
      },
      "SGLang": {
        "growth_rate": 4.731343283582089,
        "recent_users": 192.0,
        "trend": "growing"
      },
      "llama.cpp": {
        "growth_rate": -0.18207024029574867,
        "recent_users": 147.5,
        "trend": "declining"
      }
    }
  },
  "issue_characteristics": {
    "label_stats": {
      "vLLM": {
        "unique_labels": 39,
        "avg_labels_per_issue": 1.1937493510538886,
        "no_label_rate": 0.16498805939154812,
        "total_label_uses": 11497
      },
      "SGLang": {
        "unique_labels": 38,
        "avg_labels_per_issue": 0.7093883911180366,
        "no_label_rate": 0.5149980522010128,
        "total_label_uses": 1821
      },
      "llama.cpp": {
        "unique_labels": 61,
        "avg_labels_per_issue": 1.4546617915904936,
        "no_label_rate": 0.1482632541133455,
        "total_label_uses": 7957
      }
    },
    "state_reason_data": {
      "vLLM": {
        "completed": 0.6432051282051282,
        "not_planned": 0.3487179487179487,
        "duplicate": 0.008076923076923077
      },
      "SGLang": {
        "completed": 0.9906450024618415,
        "not_planned": 0.007385524372230428,
        "duplicate": 0.0019694731659281144
      },
      "llama.cpp": {
        "completed": 0.9547118905376758,
        "not_planned": 0.042975525149354404,
        "duplicate": 0.0023125843129697438
      }
    },
    "efficiency_metrics": {
      "vLLM": {
        "quick_close_rate": 0.21833333333333332,
        "moderate_close_rate": 0.15243589743589744,
        "slow_close_rate": 0.5176923076923077
      },
      "SGLang": {
        "quick_close_rate": 0.2378138847858198,
        "moderate_close_rate": 0.16592811422944362,
        "slow_close_rate": 0.46971935007385524
      },
      "llama.cpp": {
        "quick_close_rate": 0.23125843129697438,
        "moderate_close_rate": 0.15918288687608403,
        "slow_close_rate": 0.5261129312006166
      }
    }
  }
}