{
  "distribution": {
    "total_users": 3174,
    "gini_coefficient": 0.3664244679980969,
    "top_20_percent_share": 0.5012797074954296,
    "single_issue_users": "2352",
    "single_issue_ratio": 0.7410207939508506
  },
  "behavior": {
    "avg_issues_per_user": 1.7233774417139256,
    "median_issues_per_user": 1.0,
    "avg_user_closure_rate": 0.9520816502613122,
    "power_user_count": 37
  },
  "evolution": {
    "users_analyzed": 37,
    "improvement_rate": 0.05405405405405406,
    "avg_closure_change": -0.06502904002904003,
    "engagement_change": -1.9957447957447956
  }
}