{
  "distribution": {
    "total_users": 1356,
    "gini_coefficient": 0.4051410401821163,
    "top_20_percent_share": 0.5251266069341644,
    "single_issue_users": "951",
    "single_issue_ratio": 0.7013274336283186
  },
  "behavior": {
    "avg_issues_per_user": 1.8930678466076696,
    "median_issues_per_user": 1.0,
    "avg_user_closure_rate": 0.7778665859039763,
    "power_user_count": 16
  },
  "evolution": {
    "users_analyzed": 18,
    "improvement_rate": 0.16666666666666666,
    "avg_closure_change": -0.204775828460039,
    "engagement_change": 0.8972303443794671
  }
}