{
  "distribution": {
    "total_users": 5430,
    "gini_coefficient": 0.3734412338303663,
    "top_20_percent_share": 0.5006749039559755,
    "single_issue_users": "3879",
    "single_issue_ratio": 0.7143646408839779
  },
  "behavior": {
    "avg_issues_per_user": 1.7736648250460405,
    "median_issues_per_user": 1.0,
    "avg_user_closure_rate": 0.7873781824606169,
    "power_user_count": 69
  },
  "evolution": {
    "users_analyzed": 50,
    "improvement_rate": 0.06,
    "avg_closure_change": -0.21717708214350684,
    "engagement_change": -0.11737976305807518
  }
}