{
  "state_distribution": {
    "open_ratio": 0.05137111517367459,
    "closure_rate": 0.9486288848263255,
    "median_resolution_hours": 1060.4347222222223,
    "state_reasons": {
      "completed": 4954,
      "not_planned": 223,
      "duplicate": 12
    }
  },
  "resolution_factors": {
    "comment_impact": {
      "0": 0.7947976878612717,
      "1-5": 0.9615825688073395,
      "6-20": 0.9584214235377027,
      "21-100": 0.9241706161137441
    },
    "label_impact": {
      "0": 0.9852034525277436,
      "1": 0.9363905325443787,
      "2": 0.9556530214424951,
      "3": 0.938,
      "4": 0.7714285714285715
    },
    "weekend_penalty": -0.00467810278527836,
    "factor_impacts": {
      "has_labels": {
        "with": 0.9422622880446447,
        "without": 0.9852034525277436,
        "impact": -0.042941164483098815
      },
      "has_comments": {
        "with": 0.9590163934426229,
        "without": 0.7947976878612717,
        "impact": 0.1642187055813512
      },
      "quick_response": {
        "with": 0.9537401574803149,
        "without": 0.9474629546475078,
        "impact": 0.006277202832807083
      },
      "has_assignee": {
        "with": 0.9427312775330396,
        "without": 0.9488842265878314,
        "impact": -0.006152949054791801
      }
    }
  },
  "lifecycle": {
    "median_response_hours": 37.20361111111111,
    "lifecycle_stages": {
      "Created": 5470,
      "Got Response": "5449",
      "Got Comments": "5124",
      "Got Labels": "4659",
      "Closed": "5189",
      "Closed Successfully": "4954"
    },
    "old_open_issues": "65",
    "response_rate": 0.9961608775137112
  },
  "reopen_patterns": {
    "not_planned_ratio": 0.04076782449725777,
    "duplicate_ratio": 0.0021937842778793418,
    "quick_closure_ratio": 0.23125843129697438,
    "high_activity_closed_count": 488
  }
}