{
  "state_distribution": {
    "open_ratio": 0.20880405142189326,
    "closure_rate": 0.7911959485781067,
    "median_resolution_hours": 516.4658333333333,
    "state_reasons": {
      "completed": 2012,
      "not_planned": 15,
      "duplicate": 4
    }
  },
  "resolution_factors": {
    "comment_impact": {
      "0": 0.45364238410596025,
      "1-5": 0.8422260470453241,
      "6-20": 0.8261758691206544,
      "21-100": 0.6875
    },
    "label_impact": {
      "0": 0.7216338880484114,
      "1": 0.8929411764705882,
      "2": 0.8389513108614233,
      "3": 0.7738095238095238,
      "4": 0.6216216216216216
    },
    "weekend_penalty": 1.0937926250508663,
    "factor_impacts": {
      "has_labels": {
        "with": 0.8650602409638555,
        "without": 0.7216338880484114,
        "impact": 0.14342635291544403
      },
      "has_comments": {
        "with": 0.8362030905077262,
        "without": 0.45364238410596025,
        "impact": 0.382560706401766
      },
      "quick_response": {
        "with": 0.7790927021696252,
        "without": 0.7941747572815534,
        "impact": -0.015082055111928172
      },
      "has_assignee": {
        "with": 0.8490967056323061,
        "without": 0.7576875768757687,
        "impact": 0.0914091287565374
      }
    }
  },
  "lifecycle": {
    "median_response_hours": 51.23305555555555,
    "lifecycle_stages": {
      "Created": 2567,
      "Got Response": "2487",
      "Got Comments": "2265",
      "Got Labels": "1245",
      "Closed": "2031",
      "Closed Successfully": "2012"
    },
    "old_open_issues": "0",
    "response_rate": 0.9688352162056876
  },
  "reopen_patterns": {
    "not_planned_ratio": 0.00584339696143358,
    "duplicate_ratio": 0.0015582391897156214,
    "quick_closure_ratio": 0.2378138847858198,
    "high_activity_closed_count": 161
  }
}