{
  "state_distribution": {
    "open_ratio": 0.19011525282940506,
    "closure_rate": 0.809884747170595,
    "median_resolution_hours": 920.9829166666666,
    "state_reasons": {
      "completed": 5017,
      "not_planned": 2720,
      "duplicate": 63
    }
  },
  "resolution_factors": {
    "comment_impact": {
      "0": 0.6598493003229279,
      "1-5": 0.8336068263866098,
      "6-20": 0.8176395398380912,
      "21-100": 0.722007722007722
    },
    "label_impact": {
      "0": 0.9874134675896791,
      "1": 0.7581589958158996,
      "2": 0.8066190785204412,
      "3": 0.7005988023952096
    },
    "weekend_penalty": -0.1892632678263121,
    "factor_impacts": {
      "has_labels": {
        "with": 0.7748072618751555,
        "without": 0.9874134675896791,
        "impact": -0.2126062057145236
      },
      "has_comments": {
        "with": 0.8259020914732246,
        "without": 0.6598493003229279,
        "impact": 0.1660527911502967
      },
      "quick_response": {
        "with": 0.7904300423985463,
        "without": 0.8139097744360902,
        "impact": -0.023479732037543943
      },
      "has_assignee": {
        "with": 0.8029978586723768,
        "without": 0.810235704932344,
        "impact": -0.007237846259967151
      }
    }
  },
  "lifecycle": {
    "median_response_hours": 46.3,
    "lifecycle_stages": {
      "Created": 9631,
      "Got Response": "9460",
      "Got Comments": "8702",
      "Got Labels": "8042",
      "Closed": "7800",
      "Closed Successfully": "5017"
    },
    "old_open_issues": "32",
    "response_rate": 0.9822448343889524
  },
  "reopen_patterns": {
    "not_planned_ratio": 0.2824213477312844,
    "duplicate_ratio": 0.00654137680407019,
    "quick_closure_ratio": 0.21833333333333332,
    "high_activity_closed_count": 667
  }
}